jonlu.ca,1
v2rayshare.com,1
1xbet.global,1
4friends.od.ua,1
acilcalisanlari.com,1
airenetworks.es,1
arabianessence.tv,1
arisakadefense.com,1
bemoneyaware.com,1
biggeorgeforeman.movie,1
bricktactical.com,1
cdnstorage-41.top,1
chappy-net.com,1
dissertationsland.co.uk,1
dvrpc.org,1
gcaudio.com,1
gobiernoelectronico.gob.ec,1
havepussy.com,1
humboldt.k12.ca.us,1
hyperise.com,1
invia-travel.io,1
jpattonondemand.com,1
kotzmovie.com,1
leetemplates.com,1
lisa.org,1
martinos.org,1
melanieauld.com,1
metlculousdates.net,1
miconversor.com,1
mnpcdn.ae,1
montebello.k12.ca.us,1
mp3juice.org.za,1
newcountry991.com,1
patternuniverse.com,1
rugsociety.eu,1
rule34.club,1
serimanga.com,1
seven.adv.br,1
storeinua.com,1
svp.edu.pe,1
tecnopcs.com,1
thecomedynetwork.ca,1
themainemag.com,1
universidad.edu.uy,1
verycard.net,1
wcusd.k12.ca.us,1
xnnx.watch,1
cgtc.com,1
imvahonshya.co.rw,1
amigossolidariossp.com,1
apehhizr.com,1
apicrescevendas.com,1
arpqpedacr.com,1
aslead.cloud,1
atgfw.com,1
augenklinik.de,1
augenklinik-minden.de,1
augenlaser-berlin.de,1
augenoperationen.de,1
augenzentrum-siegburg.de,1
augustahospital.de,1
aussieshopagenda.com,1
automarketo.com,1
automationbridge.app,1
avateam.com,1
ayocollecte.com,1
azarradyab.ir,1
b70rw85t.xyz,1
babygreatjob.com,1
bafi.co.il,1
bagnore.com,1
bahamta.com,1
bamboowhips.com,1
banananet.work,1
bantaiame.com,1
bappleips.com,1
barnreportpro.co.uk,1
basildir.com,1
batmanager.fr,1
bauhaus.cloud,1
bbgved.xyz,1
bbrands.com.br,1
bcstoretools.com,1
bdthemes.io,1
beachcom.org,1
beaminternet.com.au,1
beauvolution.cn,1
becs.nl,1
bedroq.support,1
beeid.com.br,1
begcloud.com,1
bemestarglobal.fun,1
bemycloud.eu,1
bendconcert.net,1
benstokman.me,1
berrynine.com,1
beslol.com,1
bestgadgetsideas.com,1
bestmarketinsiders.com,1
bestvacationnews.com,1
better2021app.com,1
beversoftware.net,1
bianyuan.xyz,1
bicoin.com.cn,1
bidscorp.com,1
bidyu.co,1
bigcheckdeals.com,1
billgateshelp.com,1
billionairecouture.com,1
billzender.com,1
binarycanary.com,1
binarysilk.net,1
binkaur.xyz,1
bion3.it,1
biosimilari.it,1
bishopinteractive.com,1
bitaccess.net,1
bitbytecontrol.com,1
bitflip.jetzt,1
bitgamer.ch,1
bitter-poster.com,1
bittly.cc,1
bizcohosted.com,1
bizibox.biz,1
bizkub4.net,1
bj-bj.cyou,1
bknow.net,1
blackrack.pl,1
blahaj.nyc,1
blahboxint.net,1
blanchedesantoandre.com,1
blaucomm.co.uk,1
blessingsome.com,1
blikk.com,1
blink.services,1
blitzadsgroup.com,1
bln.ovh,1
blockin.pub,1
blodgettderm.com,1
blogesportes.com,1
blogupdate.org,1
bloomingmomnews.com,1
bltelecoms.net,1
bluebloodapps.com,1
bluelinea.com,1
blueliv.net,1
bluenetco.ir,1
bluenova.co.za,1
blueshield.io,1
bluetile.xyz,1
blumlaut.me,1
bmcgee.ie,1
bmcs.one,1
bnc.nl,1
bnhoneycomb.com,1
bo262626.com,1
1brd.com,1
1short.info,1
2dimg.com,1
365cash.co,1
4ksw.com,1
7750004.com,1
8wines.com,1
9w6nxxgb.com,1
actapress.com,1
actgames.co,1
aea11.k12.ia.us,1
aic.gov.ar,1
albirex.com,1
allgirlmassage.com,1
amirite.com,1
anikolife.com,1
animesiam.com,1
antashop.shop,1
asjjf.org,1
atlas46.com,1
autobritedirect.co.uk,1
avantis.edu.br,1
baer.com,1
baocaobang.vn,1
beppin-girl.com,1
betboom.bet,1
biofortified.org,1
bizmalay.com,1
boshisoukan.net,1
bozinovski.com.mk,1
brillbrillstudio.com,1
bubo.sk,1
cajajper.gov.ar,1
cambiatufisico.com,1
campussy.club,1
can-net.ca,1
carolinebiss.com,1
cdnstorage-22.top,1
celery-marine.net,1
chinesepornhot.com,1
chuabavang.com,1
chumplady.com,1
city.maebashi.gunma.jp,1
city.nagaoka.niigata.jp,1
city.sayama.saitama.jp,1
city.takasaki.gunma.jp,1
city.tatebayashi.gunma.jp,1
civilization5.com,1
cnxxxvideo.com,1
contentfiles.net,1
coremedicalgroup.com,1
crazysnake.io,1
cryptomaze.app,1
cum.sexy,1
damvc.vip,1
desisex24.com,1
dgl.ai,1
dguiaf-gcba.gov.ar,1
d-manga.net,1
dnm.gov.ar,1
dsi.net.pl,1
du25.cc,1
dviglo.by,1
dygang.tv,1
ecf.asso.fr,1
eck.org.tw,1
edreamsodigeo.com,1
ekyu.moe,1
enic-kazakhstan.edu.kz,1
equipped.org,1
erokiwami.com,1
ese-hormones.org,1
evadywaniki.pl,1
fanpla.jp,1
fieb.edu.br,1
fig-memo-r18.site,1
flash-porno2.com,1
fmovies2.org,1
foel.jp,1
foodiosity.com,1
forbes.ge,1
forouzan.doctor,1
forum-treiderov.com,1
friso.com.vn,1
friv2016.info,1
fujokomi.com,1
fulipr.com,1
fulishuwu.net,1
fxpro.investments,1
gaypornvideos.tv,1
gcloud.gov.np,1
gc.net,1
gdlauncher.com,1
gepg.go.tz,1
getyourguide.ch,1
gimhae.go.kr,1
globalventuring.com,1
goeuro.pl,1
gov.go.tz,1
groundcover.com,1
grupoz.cl,1
hct.edu.om,1
hedayatmizan.ir,1
helloworld.com.au,1
hentai-station.com,1
herehere000aaa.xyz,1
heroineav.net,1
hirek.ma,1
hjwxs.com,1
hohalea.com,1
holara.ai,1
hoootgayporn.com,1
hpgames.jp,1
iaf.gov.ar,1
ibra.edu.br,1
ifxexpo.com,1
imy4s.com,1
inar.de,1
intercargo.by,1
iqueen.com.tw,1
isha.org.tw,1
islamicbooksforfree.com,1
issn.gov.ar,1
itsgot.com,1
iyaerocomic.com,1
janaaastha.com,1
jav.beauty,1
jav-jav-jav.xyz,1
jeddah4fun.com,1
justiciasantafe.gov.ar,1
kankoku-drama.com,1
kelseaballerini.com,1
kilimo.go.tz,1
kilo.jp,1
kino99.com,1
krakensaber3d.com,1
kumundhoo.gov.mv,1
kungfutv.net,1
kyun2-girls.com,1
kzngirls.com,1
les-covoyageurs.com,1
lipidjournal.com,1
littleferrarokitchen.com,1
livingscented.com,1
locanto.com.bo,1
lost-mary.com,1
luksus.net.pl,1
magi.camp,1
mangasakura.com,1
marista.edu.br,1
maxg.jp,1
medm.com,1
merging.com,1
mfd.gov.np,1
minfin.gov.by,1
minsk-region.gov.by,1
mocs.gov.tw,1
moest.gov.np,1
moh.go.tz,1
mphonline.org,1
musz.info,1
mxcc.edu,1
mybobbin.com,1
mydeals.jp,1
nas.gov.qa,1
nationalsconsumerscenter.co.uk,1
naturephotographers.net,1
naylampmechatronics.com,1
ndy1.co,1
newestxxx.com,1
newhk148forum.com,1
newmilfpornpics.com,1
nextguest.app,1
nikba.com,1
nsbm.ac.lk,1
ntcu.net,1
nyincall.com,1
onlyfams.vip,1
onporntube.com,1
p22.com,1
paimise.com,1
papafickt.com,1
papafickttochter.com,1
parlamento.gub.uy,1
parnuha.top,1
phimav.pro,1
phimsec.cyou,1
phimsexmom.cyou,1
phimsexsub.cyou,1
piecesauto24.be,1
pinaysexstories.com,1
playwaze.com,1
pornomax.hu,1
porn.sc,1
prirucnik.hr,1
profesiastatic.sk,1
ptc.gov.ye,1
publisharing.com,1
quick-timez.com,1
quoratv.com,1
raidreport.dev,1
refactoringui.com,1
robi.com.mk,1
securemyposition.com,1
seiyokujoshi.com,1
sellerinvestigators.com,1
shirouto-ch.com,1
siamebook.com,1
silkr.net,1
simplyhired.jp,1
site.med.br,1
sleeplessparent.com,1
sliv-god.com,1
smithlearning.ca,1
s-moshaver.com,1
sota.kh.ua,1
spacetraff.com,1
specialgayporn.com,1
sportsinsights.com,1
sprinkle-th.com,1
staffordshire.police.uk,1
studyinhungary.hu,1
sunbrisbane.com,1
surveyme.online,1
swisseducation.com,1
taifenglin.com,1
tajan.com,1
tapwin1.com,1
tbroc.gov.tw,1
the-peak.ca,1
tingcaoge.com,1
togagato.com,1
tokyo-komadam.jp,1
tonestart.com,1
touchesport.com,1
tra.gov.tw,1
tribit.com,1
tsm.gg,1
tubexmovies.com,1
tzhu.org,1
udc.edu.br,1
uninabuco.edu.br,1
unirp.edu.br,1
urajp.se,1
ursb.go.ug,1
uzbum.su,1
vdenky.com,1
vetshow.com,1
videosdemadura.com,1
viralpitch.co,1
voiceloves.com,1
wandou.la,1
warwickshire.police.uk,1
webplus.net.pl,1
wixnm.com,1
worldly.io,1
worldofmusic.ir,1
wplaymusic.ro,1
xn--uis74a0us56agwe20i.com,1
xopom.com,1
xtoons.art,1
xvu18.com,1
zegin.com.mk,1
cgv.com.hk,1
giorgioarmanibeauty.com.au,1
kak-svoimi-rukami.com,1
kryeministria.al,1
phim18.me,1
stm.org.tw,1
mk2598.com,1
socialchain.app,1
tlivesource.com,1
011.com,1
1000mg.jp,1
1010tires.com,1
111tt.icu,1
1379a.xyz,1
1385a.xyz,1
1412hd.net,1
188channel.com,1
18avx.com,1
18p.fun,1
1h9pic.com,1
222tt.icu,1
24028.jp,1
248am.com,1
24xxx-x.com,1
256wx.net,1
25img.com,1
26style.net,1
288sb.com,1
2-d.jp,1
2nunu.com,1
2th.me,1
2xy2.com,1
300011facai.xyz,1
3044.com,1
3256871.com,1
333bet2.com,1
333bet6.com,1
365jiarun.com,1
3gpporn.org,1
444.coffee,1
4545.to,1
47888.top,1
4d2ulive.com,1
4dpredict.org,1
4song.ir,1
4wank.com,1
51.yt,1
5u.com,1
61-tataidc.co.in,1
6929183.com,1
78.wtf,1
870.jp,1
8mwujncg.com,1
91splt.app,1
94kk.net,1
9831tc.com,1
a333bet.com,1
a4.finance,1
aa301301.com,1
aaaleao.com,1
aaojournal.org,1
aau.edu,1
abc-clinic.com,1
abogado.com,1
abvmucet2023.co.in,1
adengi.ru,1
adultchat.net,1
adultgameson.com,1
adventistas.org,1
aescripts.com,1
aferry.com,1
africanbites.com,1
agendaculturel.fr,1
agerpres.ro,1
a-hadaka.jp,1
aiailah.com,1
aiconn.com,1
aikatu.jp,1
aimserp.co.in,1
aiplexads.com,1
aiplex.com,1
aiplexdigital.com,1
airastana.com,1
airfleets.net,1
air-nifty.com,1
ajconline.org,1
ajicjournal.org,1
ak1cy6.xyz,1
akb48-group.com,1
akb48matomemory.com,1
akiba-online.com,1
akshu8.com,1
alanadlari.com,1
alcohol.org,1
alembic.co.in,1
algoriddim.com,1
alhakika.net,1
aliradar.com,1
allnovelbook.com,1
alrakoba.net,1
alston.com,1
altruistics.org,1
amatorvideok.top,1
androidguys.com,1
angel-live.com,1
angelplatz.de,1
animalzooporn.rocks,1
anime.com,1
animezilla.com,1
annemergmed.com,1
ans-media.com,1
answear.com,1
antenam.biz,1
antenam.info,1
apasih.my.id,1
apkcombo.org,1
apkshki.com,1
aporrea.org,1
applyexam.co.in,1
arabgayvideos.com,1
arenhost.my.id,1
artifact.news,1
artspan.com,1
asianet.co.in,1
asianpornfilms.com,1
asiansexvideo.life,1
asiatoday.co.kr,1
asmr18.fans,1
assethost.io,1
assrt.net,1
astrologiez.com,1
at712.com,1
at-mania.com,1
atmos-tokyo.com,1
audiences.me,1
audiokniga-one.com,1
aum.edu,1
autobarn.com.au,1
autoplicity.com,1
autosweet.com,1
avgle.mobi,1
av-mov.com,1
av-wiki.net,1
avxxx.site,1
a-xnxx.com,1
azuria-wiki.com,1
b4watch.com,1
b728484.com,1
babestube.com,1
babia.to,1
baccdn.com,1
bakernet.com,1
bama.hu,1
banglanewslive.co.in,1
ba.org.tw,1
baseball-mag.net,1
bbbleao.com,1
beainet.net,1
beamsuntory.com,1
bearingarms.com,1
beeglivesex.com,1
bel.co.in,1
bemyeyes.com,1
benameiran.golf,1
benefit-one.inc,1
bescom.co.in,1
best444.com,1
be-story.jp,1
bestvideosex.xyz,1
bet365.nl,1
bet555mix.com,1
betzold.de,1
bfil.co.in,1
bfzycdn.com,1
bhv.fr,1
biashara.co.ke,1
bidflyer.com,1
biff.travel,1
bigdesire.co.jp,1
bi-girl.net,1
bimabet.co.in,1
bimmwiki.com,1
binance.click,1
bindsite.jp,1
biologicalpsychiatryjournal.com,1
biqu520.net,1
birderswiki.com,1
bizchannel.com.my,1
blacktoon66.com,1
bl-archive.net,1
blgwiki.com,1
blockchainnodeengine.com,1
blockstream.com,1
blockxtech.com,1
blogjav.net,1
blogto.jp,1
blushmark.com,1
bn-ent.net,1
bombasstube.com,1
bomcondutor.pt,1
bongacams18.com,1
bongacams19.com,1
bongacams28.com,1
bongacams.tv,1
boodschappen.nl,1
boofsol.com,1
boonthavorn.com,1
bosecreative.com,1
bouqs.com,1
box8.co.in,1
bqg221.com,1
bqg222.com,1
bqg223.com,1
bqg228.com,1
bqg789.co,1
bqsex.com,1
broadwaydirect.com,1
broxxx.com,1
bs11.jp,1
bsphcl.co.in,1
btbtt12.com,1
bteevaluation.co.in,1
bt-tt.com,1
buch.de,1
builtinnyc.com,1
bulksupplements.com,1
bulls-i.co.in,1
buqkrzbrucz.com,1
buscawiki.com,1
business.blog,1
buzzfond.com,1
cabidigitallibrary.org,1
cair.com,1
californiabeaches.com,1
californiasciencecenter.org,1
camcam.cc,1
camperreport.com,1
cancam.jp,1
canovel.com,1
careerist.ru,1
cartoonporn.com,1
cashbacksrv.com,1
cashe.co.in,1
castore.com,1
catchmyparty.com,1
cathaycineplexes.com.sg,1
causeiq.com,1
cbs.gov.il,1
cdn925.com,1
cdti.es,1
censys.io,1
cento.co.in,1
cesc.co.in,1
cgebet3.com,1
cghjournal.org,1
cgmh.org.tw,1
chaatwallas.com,1
chambres-hotes.fr,1
channelionline.com,1
chemist-4-u.com,1
chevereto.com,1
chiba-tv.com,1
chikubi.jp,1
chil-chil.net,1
chimei.org.tw,1
chol.com,1
chu.edu.tw,1
chuing.net,1
cibeg.com,1
cimmyt.org,1
cin.wtf,1
cjkypo.com,1
ckbet0.com,1
ckbet4.com,1
ckbet6.com,1
ckbet7.com,1
ckbet9.com,1
clarksoutlet.co.uk,1
classic-trader.com,1
classx.co.in,1
clickcrystal.com,1
clicken.us,1
clicksud.biz,1
client.jp,1
clinicalnutritionjournal.com,1
cliphotvn.com,1
cloudns.org,1
cloudsek.com,1
cocacola.jp,1
codepink.org,1
coins.game,1
colordic.org,1
comapatecoman.gob.mx,1
comicporn.xxx,1
connectdms.co.in,1
consensys.io,1
container-xchange.com,1
contentos.io,1
copymanga.site,1
copymanga.tv,1
cornellcollege.edu,1
corpfinwiki.com,1
cosmicwiki.com,1
cosp.jp,1
countryandtownhouse.com,1
county-taxes.com,1
courtauld.ac.uk,1
court.gov.il,1
craftrise.com.tr,1
crazyshitlive.com,1
crocs.ca,1
crompton.co.in,1
cruise.com,1
cryptofuture.co.in,1
cryptoloko.com,1
cryptomaniaks.com,1
cso.org,1
cwinfo.net,1
cybevasion.fr,1
cylex-polska.pl,1
cyut.edu.tw,1
dadfis.com,1
dafawin.com,1
dailyinvestor.com,1
darsex.club,1
dauthau.asia,1
dealsplus.com,1
death-clock.org,1
debijenkorf.be,1
defence-blog.com,1
defence-point.gr,1
dekaronwiki.com,1
dellcdn.net,1
deri-ou.com,1
designersguild.com,1
designstoriesinc.com,1
detog.com,1
dh2020.jp,1
dh.hu,1
diary.to,1
dicocitations.com,1
digitalindiaportal.co.in,1
discoverpuertorico.com,1
djav.org,1
dkeie.co.in,1
dmcaforce.com,1
dns3.gov.il,1
dnsworld.co.in,1
doctoranytime.be,1
doctoranytime.gr,1
doctorsim.com,1
dokuha.jp,1
dolby.io,1
domainservers.co.in,1
dosya.co,1
dporn.com,1
dr-noutore.jp,1
d-rw.com,1
dspotz.com,1
dwan.co.in,1
dwl.co.in,1
dynexcoin.org,1
eastwestcenter.org,1
eauto.co.in,1
ebook8.com,1
edigital.co.in,1
editorialist.com,1
eeeleao.com,1
element.market,1
elog-ch.net,1
emcure.co.in,1
emload.com,1
emojidb.org,1
empirewiki.com,1
e-news.su,1
engage7.com,1
engageforce.net,1
englishgrammar.org,1
enrollonline.co.in,1
entax.news,1
enter.online,1
entertainment-topics.jp,1
environmentamerica.org,1
eon.se,1
epicsports.co.in,1
epson.co.in,1
eqnextwiki.com,1
equipmentworld.com,1
erikalust.com,1
erlangyao.com,1
eroanime-aniruto.net,1
erodaizensyu.com,1
eromovie-s.com,1
eroscripts.com,1
erry.one,1
esea.net,1
esexxxx.com,1
esports.net,1
essayshark.com,1
etrieve.cloud,1
e-unwto.org,1
evawiki.com,1
eveowiki.com,1
everyplate.com.au,1
exabytes.my,1
examguide.co.in,1
expdirclk.com,1
exploreminnesota.com,1
extragum.com,1
faceparty.com,1
fairynudes.com,1
falmouth.ac.uk,1
familyporner.com,1
famima.com,1
famousscientists.org,1
fapello-leaks.com,1
fastchecker.us,1
favepornvids.com,1
fc2hub.com,1
fengyuetongtian.com,1
feol.hu,1
fgirl.ch,1
fgo.news,1
fictionpress.com,1
fileden.com,1
filmatixxx.com,1
fintechfutures.com,1
flickrhelp.com,1
floridamemory.com,1
fotosklad.ru,1
fpconfig.net,1
fragment.com,1
framer.app,1
free.hr,1
freejav.mobi,1
freejavporn.mobi,1
free-porn-videos.club,1
freerangestock.com,1
freetube18.com,1
freevar.com,1
freewebspace.com,1
freexxxvideos.xyz,1
friday-ad.co.uk,1
fruitfulyield.com,1
fsvod1.com,1
fuckmovies.biz,1
fukuharaso-pu.com,1
funs.me,1
fxf774.com,1
g59p.com,1
gaga.ne.jp,1
gameclub.jp,1
gamedeals.io,1
garnierusa.com,1
gay4porn.com,1
gayhdporno.com,1
gay-jp.net,1
gayvidsclub.com,1
gemseducation.com,1
generationgenius.com,1
georgia.org,1
getuploader.com,1
gger.jp,1
gggleao.com,1
ggpoker.com,1
gigswiki.com,1
gimy.im,1
girls-h.info,1
girlsmovie.tv,1
givecampus.com,1
gn301.xyz,1
gnosischain.com,1
gnosisscan.io,1
gogs.io,1
golog.jp,1
goodav17.com,1
governor-wiki.com,1
gp-guia.net,1
gracobaby.com,1
grandmov.com,1
gran-tv.jp,1
greatxxxtube.com,1
greencopper.net,1
gta.world,1
guitar-pro.com,1
gujarati.cyou,1
gujarati.link,1
hairypornxxx.com,1
haitangkan.com,1
hamachiwiki.com,1
happinessishomemade.net,1
hardpornlinks.com,1
hatenadiary.org,1
hd21.net,1
hdfreeporn.net,1
hdmmovies.xxx,1
hdouga.com,1
hdpornmovies.xxx,1
hdstream.xxx,1
hdxxxx.org,1
headforpoints.com,1
healthnews.com,1
hegre.com,1
hellofresh.fr,1
hellofresh.nl,1
helpx.net,1
hentaicore.net,1
hentaihand.com,1
hentai-id.tv,1
hentairules.net,1
hentai-share.com,1
hentaivost.fr,1
heydouga.com,1
h-gay.com,1
hgmsites.net,1
hhhleao.com,1
hi3x.net,1
highperformancecpmgate.com,1
hikaritube.com,1
hillarys.co.uk,1
hindibhajanlyrics.co.in,1
hindichudaivideos.com,1
hindisexvideo.xyz,1
hint-pot.jp,1
hitb.org,1
hitodumajo.com,1
hjpfe1.com,1
h-kadan.com,1
hkbn.net,1
h-ken.net,1
hkppdb.org,1
hlj.fun,1
ho5ho.com,1
hoho.tv,1
hohovod.com,1
holidayhomes.com,1
home.bargains,1
homecredit.co.in,1
homegrown.co.in,1
hometogo.fr,1
homewikia.com,1
hornycase.com,1
horseporntube.fun,1
hostadvice.com,1
hosting.co.in,1
hostingspeed.net,1
hoteladvisor.net,1
hotel-online.com,1
hotgirl.asia,1
hotnatalia.com,1
hot-sex-movies.com,1
hpbl.co.in,1
hsbc.co.in,1
huakuibf3.com,1
hunk-ch.com,1
hwu.edu.tw,1
hwweekly.net,1
hyperionwiki.com,1
iaa.gov.il,1
iamthewiki.com,1
ice.org.uk,1
iceporn.net,1
idh161.com,1
idol-blog.com,1
idolish7.com,1
idx.co.id,1
ijidonline.com,1
ijjjxsw.com,1
illawiki.com,1
imaple8.co,1
imgse.com,1
imotor.com,1
indiaexaminfo.co.in,1
indiafreestuff.in,1
indianpornempire.com,1
indiansexvideohd.com,1
indianspornsex.com,1
indianxxxbf.com,1
informationliberation.com,1
insomniac.games,1
inspectorio.com,1
interaksyon.com,1
inventiva.co.in,1
iosgods.com,1
iporn.win,1
ip-tracker.org,1
ipuss.tv,1
irelandbeforeyoudie.com,1
irv2.com,1
iseas.edu.sg,1
isfdb.org,1
ispe.org,1
istyle.id,1
ita-do.com,1
itgi.co.in,1
ito-collection.xyz,1
ito.com,1
itsme-id.com,1
ituc-csi.org,1
ivfree.me,1
ivx.gallery,1
iwinv.net,1
jackpotworldcasino.com,1
jahez.net,1
jakartafair.co.id,1
jameco.com,1
jandonline.org,1
japanesesexporn.com,1
japangaysex.com,1
jasperwiki.com,1
jav777.xyz,1
javbee.org,1
javhd.pics,1
javmobile.mobi,1
javpop.com,1
javpop.link,1
javsaga.ninja,1
javtorrent.me,1
javtube.com,1
jbt4.com,1
jeez.jp,1
jimms.fi,1
jizzbunker2.com,1
jmanga.net,1
jokerapp678h.net,1
jonesday.com,1
jornalggn.com.br,1
joshi-spa.jp,1
journal-of-hepatology.eu,1
journalofhospitalinfection.com,1
jquut.net,1
jra-van.jp,1
jukujoxvideo.com,1
jumia.sn,1
jumia.ug,1
jun88v1.com,1
junkyard.com,1
justice.gov.il,1
kaidex.io,1
kaikatsu.jp,1
kanajo.com,1
kanliao.one,1
kaob5.xyz,1
kapruka.com,1
kat.am,1
kent.co.in,1
kesco.co.in,1
kfc.co.in,1
kickasstorrents.cr,1
kikass.to,1
kikinote.net,1
kiwix.org,1
kkkleao.com,1
kktix.cc,1
kle009.com,1
knightnoscanlation.com,1
kohler.co.in,1
komoejoy.com,1
korea.com,1
korewaeroi.com,1
k-rauta.fi,1
ktwiki.com,1
kvb.co.in,1
kyarabetsunijiero.net,1
kzepp.com,1
ladiesbaba.com,1
laftel.net,1
lakecountyil.gov,1
lakshmiboutique.co.in,1
lanzoub.com,1
laoyacdn.com,1
law-wiki.com,1
lbpictupian.com,1
lc.org,1
ldc.com,1
leakxxx.com,1
leaoagent1.com,1
leaoweba.com,1
leaowebc.com,1
legionathletics.com,1
lengmen.org,1
leopalace21.com,1
lessons.com,1
levitra-wiki.com,1
lewdgames.net,1
liblo.jp,1
libretro.com,1
life-wiki.com,1
ligo.org,1
lilymanga.net,1
linkintime.co.in,1
linux-magazin.de,1
littleburgundyshoes.com,1
littlesunnykitchen.com,1
livechat-ero.net,1
l-love.jp,1
lnaspiring.com,1
locanto.asia,1
locanto.ci,1
locanto.co.nz,1
locanto.sg,1
login.gov.il,1
lol.ps,1
lords.onl,1
lotrlegendswiki.com,1
lottehotel.com,1
lottolyzer.com,1
lovecosmetic.jp,1
lsv.jp,1
ltube.life,1
lw123.cc,1
lyondellbasell.com,1
lyze.jp,1
m88lv.com,1
mabui-onna.com,1
macaonews.org,1
macaotourism.gov.mo,1
machogaytube.com,1
madamu.tv,1
madouqu.com,1
magicianwiki.com,1
magnum4d.my,1
mahasarkar.co.in,1
maho.jp,1
mainichikirei.jp,1
makeup.com,1
maltapark.com,1
manga1000.io,1
manga1001.tv,1
manga-bang.com,1
mangalear.blog,1
manga-mate.org,1
mangaraw.io,1
mangaraw.run,1
mangaraw.so,1
mangarow.org,1
mangasokuhou.com,1
manhuaus.org,1
mantosdofutebol.com.br,1
mappywiki.com,1
marmot.com,1
maruti.co.in,1
masiro.me,1
masturhub.com,1
matureclub.com,1
maxclientstatapi.com,1
medicaidplanningassistance.org,1
meetcleo.com,1
memes.co.in,1
memphistravel.com,1
mercatornet.com,1
mercedes-benz.co.in,1
merit.edu,1
metro.ed.jp,1
me-tube.com,1
mexa.sh,1
mgmotor.co.in,1
mhnew.xyz,1
michaelhill.com.au,1
microgaming.co.uk,1
microscan.co.in,1
milk-key.com,1
milovana.com,1
minacolor.com,1
min-h.com,1
minkch.com,1
minnaga.com,1
miraeassetmf.co.in,1
missouriindependent.com,1
mitaku.net,1
mizugazo.com,1
mmdfans.net,1
mobile-xvideos.com,1
mobox.io,1
mod.gov.il,1
moeasia.net,1
mof.gov.il,1
moha.co.in,1
mokexweb.cloud,1
monamona2525.com,1
moneycat.vn,1
moneylife.in,1
moneys.co.kr,1
moodyz.com,1
moredates.com,1
motionelements.com,1
mozakin.com,1
m-pe.tv,1
mpez.co.in,1
mpiticounseling.co.in,1
mpwin.co.in,1
mqddpt.com,1
mresou.com,1
msin.jp,1
mt-pharma.co.jp,1
munode301.com,1
murlok.io,1
must.edu.tw,1
muzwiki.com,1
mybakingaddiction.com,1
mycoolwiki.com,1
mycpanel.rs,1
myfreesites.net,1
my.gov.il,1
mykoreankitchen.com,1
mymd.jp,1
mypornsnap.xyz,1
mysticwiki.com,1
myth-weavers.com,1
my.to,1
mywikiparty.com,1
najah.edu,1
namb.net,1
namejet.com,1
nanojav.com,1
napbizblog.jp,1
narl.org.tw,1
national-wiki.com,1
naventcdn.com,1
ncsist.org.tw,1
nekoxxx.com,1
netfuck.net,1
netim.com,1
netki.org,1
netsons.com,1
nettix.fi,1
networthpost.org,1
newasiaporn.com,1
newdaily.co.kr,1
neweramcn.com,1
newspicy.win,1
nhri.org.tw,1
nic.co.in,1
nicekicks.com,1
niconline.co.in,1
nico-wiki.com,1
nie.edu.sg,1
night.jp,1
njavtv.com,1
nmk.co.in,1
nostarch.com,1
notabug.org,1
note.co.il,1
novella2000.it,1
nowav.tv,1
np.edu.sg,1
npust.edu.tw,1
nsaimg.com,1
nsdl.co.in,1
ntgmglupgyj.com,1
ntpc.co.in,1
nudegirls.wiki,1
nukemanga.com,1
nu.or.id,1
nuron.co.in,1
nvpuwo.com,1
nyasatimes.com,1
nycfuture.org,1
nyfco.org,1
oattravel.com,1
o-be.com,1
obirin.ac.jp,1
oedigital.com,1
ohimesamaclub.com,1
okazurand.net,1
okcasino.com,1
omio.it,1
onassis.org,1
oneegrou.net,1
onepiece-tube.com,1
oneroof.co.nz,1
oneworldwiki.com,1
ongc.co.in,1
onscreens.me,1
oobet.com,1
ooo-sex.com,1
openenglishprograms.org,1
oranum.com,1
otomi-games.com,1
ourabilitywiki.com,1
ouyawiki.com,1
oyunfor.com,1
pa6ka.com,1
paipancon.com,1
pancolle-movie.jp,1
paniniamerica.net,1
pantiescollection.net,1
pantswalker.net,1
paperjam.lu,1
paravi.jp,1
parstoday.ir,1
pashalism.com,1
pathsocial.com,1
pcolle.com,1
pdffile.co.in,1
pebsp.com,1
pelikan.com,1
pemsrv.com,1
pennywiki.com,1
persistent.co.in,1
peta2.jp,1
petfoodindustry.com,1
pharmacy2u.co.uk,1
pharmawisdom.co.in,1
philips.co.in,1
phim18hot.net,1
phimmoinay.tv,1
phimsexhay669.com,1
phimsexvn.mobi,1
phimxxx.us,1
piapp.link,1
picryl.com,1
piercecountywa.gov,1
ping.pe,1
pinkape.net,1
pinsalo.info,1
pirg.org,1
pivoice.app,1
pizzahut.co.in,1
playbackbone.com,1
playbetman.com,1
playlnk.io,1
plivazdravlje.hr,1
plpwiki.com,1
plus28.com,1
pmviroja.co.in,1
pnbfikiosk.co.in,1
poehalisnami.ua,1
pokepedia.fr,1
polarbearsinternational.org,1
polite.edu.sg,1
pornfaze.com,1
porn-hab.com,1
pornhouseq.com,1
pornizlevideos.com,1
pornleaks.top,1
pornmilfvideos.com,1
porno365tube.mobi,1
porno-himmel.net,1
pornomamki.ru,1
porno-traher.top,1
pornsnow.net,1
porn-video.pro,1
pornvideos7.com,1
pornvidshot.com,1
pornxxxweb.com,1
pressian.com,1
primermagazine.com,1
progarchives.com,1
programinfos.com,1
prostobank.ua,1
pts.org.tw,1
publicdomainregistry.com,1
publog.jp,1
punyu.com,1
purlive.com,1
pvbet.io,1
qs.com,1
questn.com,1
quickbox.io,1
r38.tv,1
r401.net,1
rab.equipment,1
radioplayer.org,1
radiotoolkit.com,1
rage.mp,1
rainbowisp.co.in,1
rakuten.co.in,1
raku-uru.jp,1
ranchiuniversity.co.in,1
ranorex.com,1
rapwin.com,1
rash.jp,1
ratehub.ca,1
red.com,1
redporntube.xxx,1
redwap.cam,1
regalrexnord.com,1
rekhagroup.co.in,1
relayfi.com,1
reliancegeneral.co.in,1
remorainc.com,1
renault.co.in,1
rennrad-news.de,1
replica-watch.info,1
req.co.in,1
responsibledisclosure.com,1
resultview.co.in,1
retroxxxmovs.com,1
reuter.com,1
reuter.de,1
revv.co,1
rewardsgiantusa.com,1
rgsvc.io,1
ringbell.co.jp,1
robhasawiki.com,1
rohto.com,1
rokslide.com,1
rpcollegevasai.co.in,1
rp.edu.sg,1
rubbermaid.com,1
rubrankings.com,1
saffronexch.com,1
sahaj.co.in,1
salesmanwiki.com,1
samsung-ultra.co.in,1
sangetods.net,1
sansan.com,1
santen.co.jp,1
sawai.co.jp,1
sbdinc.com,1
sbpdcl.co.in,1
sbroker.de,1
schweppesus.com,1
scnsrc.me,1
scrappingwiki.com,1
seatosummit.com,1
sebet09.com,1
sebet555.com,1
sebet.com,1
secure-tix.com,1
segaretro.org,1
seksavid.com,1
seksohub.com,1
self-publishingschool.com,1
semaobf1.com,1
semparar.com.br,1
seqingx.com,1
servidor.seg.br,1
seselah.com,1
sex8.zone,1
sexclips.cyou,1
sexdiary.cc,1
sexfilme.best,1
sexhdtuber.com,1
sexifilm.top,1
sexjanet.com,1
sexloveero.net,1
sexmovies.su,1
sexovidos.com,1
sexs-foto.xyz,1
sexsub.tube,1
sex-team.com,1
sextingfinder.com,1
sexvideo10.com,1
sexvideo.rodeo,1
sexxxx.observer,1
sexyandfunny.com,1
sgpbusiness.com,1
shanghaixiaochagu.com,1
shapr3d.com,1
shemale.taxi,1
shenyebook.com,1
shivawiki.com,1
sho.jp,1
shopping-wiki.com,1
showpad.com,1
shuaitong6.xyz,1
shuaitong7.xyz,1
shugarysweets.com,1
shumicun.com,1
silhouette.com,1
simozo.net,1
simplyhired.co.in,1
singaporetech.edu.sg,1
siputri88.xyz,1
sirigan.my.id,1
sitibroadband.co.in,1
sjks88.com,1
skyforge.at,1
skz-stayjapan.com,1
slazzer.com,1
slobodenpecat.mk,1
slsltutu.com,1
smartappnet.net,1
smashboards.com,1
smergers.com,1
snapnames.com,1
snitch.co.in,1
socialad.co.in,1
soipl.co.in,1
solostove.com,1
solvusoft.com,1
soulmatesketch.com,1
southpointcasino.com,1
southwales.ac.uk,1
spbet000.com,1
spc.int,1
spiritualityandpractice.com,1
splashfashions.com,1
spoon-tamago.com,1
sportsjoe.ie,1
spotvnews.co.kr,1
ss246.com,1
ssp.co.jp,1
starfree.jp,1
starnewskorea.com,1
starscloud.in,1
start.page,1
statecollege.com,1
static-kl.com,1
statvoo.com,1
steamspy.com,1
strat-talk.com,1
strazgraniczna.pl,1
streamm4u.com,1
street-academy.com,1
strip.chat,1
studienet.dk,1
studio-alice.co.jp,1
studiotv.net,1
sugardaddy.com,1
sugar-garden.org,1
suiscan.xyz,1
sunmaker.com,1
superchat.shop,1
superprof.co.in,1
super.site,1
superyachtfan.com,1
surebet.com,1
suzukimotorcycle.co.in,1
swedroid.se,1
sweethome3d.com,1
sweets-paradise.jp,1
swyftx.com.au,1
syosetu.me,1
taiwan-sugar.net,1
taleworlds.com,1
tanishqgoldenharvest.co.in,1
tapple.me,1
tbab953.com,1
tccl.co.in,1
tdspsden.com,1
techlicious.com,1
technosports.co.in,1
tecito.app,1
teenpattigold.co.in,1
teentuber.xxx,1
tegos.club,1
telasa.jp,1
tel-aviv.gov.il,1
telderi.ru,1
telemail.jp,1
tellows.de,1
telugu.cyou,1
telugu.icu,1
tempur.com,1
tesla.co.in,1
testerup.com,1
tgpd.com,1
thai-hentai.com,1
thecomputerwiki.com,1
theedgesingapore.com,1
thefacux.com,1
theiconic.co.nz,1
themagicalslowcooker.com,1
thepoolfactory.com,1
thepornmap.com,1
therealxh2.com,1
thers.ac.jp,1
thinglink.me,1
thirdweb.com,1
thrashermagazine.com,1
ticketjam.jp,1
tiendamia.cr,1
timotxt.com,1
tixplus.jp,1
tnhs.cloud,1
tnpwiki.com,1
tochterporn.com,1
toncenter.com,1
toobit.com,1
top-mods.com,1
topozone.com,1
torrentbay.net,1
totemcash.com,1
touhouwiki.net,1
touken-world.jp,1
touristisrael.com,1
tp.edu.sg,1
tpe-olympic.org.tw,1
transfernow.net,1
travelio.com,1
tring.co.in,1
tripnote.jp,1
trovit.co.in,1
trunet.co.in,1
tryindiansex.com,1
tsutaya-adult.com,1
ttmscredit.co.in,1
ttsp.tv,1
tubeporn.com,1
tubevideoshd.xxx,1
tuna.be,1
tv-aichi.co.jp,1
tv-osaka.co.jp,1
twhentai.com,1
twinkl.co.in,1
twipla.jp,1
twi-videos.net,1
twoucan.com,1
txt53.com,1
txtnovel.pro,1
tz.app,1
ubercarshare.com,1
ufret.jp,1
uiic.co.in,1
ultranet.co.in,1
umico.az,1
unfranchise.com,1
unibg.it,1
unich.it,1
unwieldyplastic.com,1
up.edu.ph,1
uploady.download,1
upward-app.com,1
uraakalist.com,1
ure-sen.com,1
userscript.zone,1
utpjournals.press,1
uueai.com,1
v1.mk,1
v2hub.top,1
vaguthu.mv,1
vantagemarkets.com,1
vat19.com,1
vatsim.net,1
vbfast.xyz,1
veganab.co,1
vercomics.xxx,1
verisure.fr,1
vhqweree.xyz,1
vicoo.tech,1
video.blog,1
videobox.onl,1
videosexo.org,1
videoshd.xxx,1
videospornvideos.com,1
videoxxxporn.biz,1
vidyalakshmi.co.in,1
vigilwiki.com,1
viraljbs.co.in,1
visitstpeteclearwater.com,1
visitvictoria.com,1
vivicomi.info,1
vkdigital.co.in,1
v.network,1
voip-info.org,1
volkswagen.co.in,1
von.jp,1
vsporntube.com,1
vtosters.app,1
vuanem.com,1
wafa.ps,1
waylandgames.co.uk,1
way-nifty.com,1
wbmsc.co.in,1
wearedevs.net,1
weatherford.com,1
webcomics.jp,1
weblog.to,1
webmedrtb.com,1
webnode.pt,1
webpussi.com,1
webrate.org,1
webscte.co.in,1
website999.co.in,1
websiteperu.com,1
webstarterz.com,1
webstatsdomain.org,1
weremember.com,1
westexwiki.com,1
weta.org,1
whairtoa.com,1
whitewall.com,1
wikiadvocate.com,1
wikiannouncement.com,1
wikiannouncing.com,1
wikiap.com,1
wikibestproducts.com,1
wikibuysell.com,1
wikibyby.com,1
wiki-cms.com,1
wikicommunications.com,1
wikiconversation.com,1
wikicorrespondent.com,1
wikidank.com,1
wikidirective.com,1
wikienlightenment.com,1
wikievia.com,1
wikiexcerpt.com,1
wikiexpression.com,1
wikifarmer.com,1
wikififfi.com,1
wikifiltraciones.com,1
wikifordummies.com,1
wikifrontier.com,1
wikifx.com,1
wikigdia.com,1
wikigiogio.com,1
wikigop.com,1
wikihearsay.com,1
wikiinside.com,1
wikijournalist.com,1
wiki-jp.com,1
wikikali.com,1
wikikarts.com,1
wikilima.com,1
wikilinksnews.com,1
wikilowdown.com,1
wikimeglio.com,1
wikimidpoint.com,1
wikimillions.com,1
wikinarration.com,1
wikinstructions.com,1
wikiparticularization.com,1
wikipowell.com,1
wikipresses.com,1
wikipublicist.com,1
wiki-racconti.com,1
wikisona.com,1
wikitidings.com,1
wikitron.com,1
wikiusnews.com,1
willcookforsmiles.com,1
wimoveis.com.br,1
win2023.biz,1
win2023.info,1
win2023.land,1
win2023.net,1
wincher.com,1
wishct02.com,1
withonline.jp,1
wmoov.com,1
wokanxiaoshuo.com,1
wonderkingwiki.com,1
wordsense.eu,1
wowkorea.jp,1
www.gov.mo,1
wwwxnxxcom.one,1
wwwxxx.fun,1
x0.to,1
xcine.info,1
xlvirdr.com,1
xnnx.icu,1
xnxx-sex-videos.com,1
xo88.win,1
xoom.it,1
xsnvshen.com,1
xvideos99.tv,1
xvideoscombo.com,1
x-videos.su,1
xxhdvideos.com,1
xxvideos.cc,1
xxxdan3.com,1
xxxdoga.com,1
xxxgujarati.link,1
xxxhdhindi.com,1
xxxhdporn.su,1
xxxhindiporn.net,1
xxxindianstories.com,1
xxxmovies.fun,1
xxxmovies.su,1
xxx.observer,1
xxx-porn-fuck.com,1
xxxporno.biz,1
xxxpornvideos.su,1
xxxpor.org,1
xxxpublicpornvideos.com,1
xxxsexpic.me,1
xxxsextubes.com,1
xxxvideohindi.com,1
xxxvietnam.tv,1
xxx-xnxx.pro,1
xxxz.tv,1
xyebav.com,1
yasetube.com,1
yashbharat.co.in,1
ydnsioy.xyz,1
yfsp.tv,1
ygagu.com,1
yinghuacd.com,1
yinghuavideo.com,1
yn.lt,1
yonetzj.xyz,1
youkuphoto.com,1
youngchampion.jp,1
yourhomebasedmom.com,1
yourkwikimage.com,1
yummytoddlerfood.com,1
yvr.ca,1
z00.rocks,1
za666.cc,1
zando.co.za,1
zeven.xyz,1
zigtube.com,1
zillowrentalmanager.com,1
zoo.zone,1
zouk.co.in,1
zozovideo.com,1
zurichna.com,1
zxzj.pro,1
zztt58.com,1
9882299.com,1
ekrjvoqefl20.com,1
ggpokerok-official4.xyz,1
hqteenclips.com,1
irene.lat,1
kittiy.sbs,1
muriel.makeup,1
porno247.cc,1
thedefiant.io,1
walmart-pharm.net,1
xyz.com,1
100percent.co.nz,1
1239bet.com,1
16k.club,1
1xbet-9664866.top,1
1xbet.co.na,1
5222.de,1
91p01.app,1
a21.com.mx,1
aabamh.com,1
abublue.com,1
acelerapyme.gob.es,1
acenetgame.com,1
administracionelectronica.gob.es,1
administracionespublicas.gob.es,1
adroitserver.co.in,1
adserv.ai,1
ageuk.org.uk,1
agriness.com,1
agrismart.co.nz,1
ais.co.th,1
aj2555.bid,1
akgec.ac.in,1
aktu.ac.in,1
al-array.com,1
aleqaria.com.eg,1
alface.com.mx,1
all.rugby,1
allsaints.tv,1
ally.com,1
alpinloacker.com,1
americacarrental.com.mx,1
america.com.mx,1
angulo7.com.mx,1
anime4up.tv,1
anteldata.com.uy,1
anytimefitness.co.in,1
armybg.com,1
asocks.com,1
atomy.uz,1
attiva.co.nz,1
aucklandzoo.co.nz,1
auntymaza.cc,1
autotrader.com,1
azoranov.com,1
bahn.de,1
bajamedicare.com,1
basehit.com,1
bbdu.ac.in,1
bbowt.org.uk,1
beegpakistan.com,1
beocms.com,1
bereal.network,1
bet365.bet.ar,1
betway.co.ke,1
binbaz.org.sa,1
binzhousz.com,1
blend.school,1
blogspot.com.es,1
bluelock-pr.com,1
bodybuilding-depot.de,1
born2be.com.ro,1
bplay.bet.ar,1
bps.org.uk,1
bravetyping.net,1
britainfromabove.org.uk,1
brusselsairlines.com,1
buycordaro.com,1
bysex.click,1
cajapopular.gov.ar,1
calintertrade.co.th,1
camwhores8.com,1
camwhoresbay.webcam,1
camwhores.one,1
camwhores.shop,1
carmax.com,1
carnival.com,1
cars.com,1
cblu.ac.in,1
cdsc.com.np,1
cerebra.org.uk,1
chatling.ai,1
chedraui.com.mx,1
ci-commerce.com,1
cigna.com,1
city.suita.osaka.jp,1
claro.net.br,1
cnel.gob.ec,1
cnys.tv,1
codeium.com,1
cogebanque.co.rw,1
creditostudio.com,1
crwdwork.com,1
ctdcdn.com,1
cvs.com,1
cxn.io,1
cyberinfo.net.br,1
cybersource.com,1
daystar.ac.ke,1
debrid.link,1
deltastarbucks.com,1
desarrollosocialyfamilia.gob.cl,1
desserto.com.mx,1
deveint.live,1
digital-services.solutions,1
dito.com.mx,1
dktelecom.net.br,1
dncc.gov.bd,1
doordash.com,1
do-yukai.com,1
dpsgo.com,1
dxmdp.com,1
dyspraxiafoundation.org.uk,1
ead.gov.ae,1
earthlight.co.nz,1
easyjet.com,1
eb-pages.com,1
ediy.co.nz,1
educa.co.nz,1
educationnews.co.ke,1
eleconomista.com.mx,1
elperiodico.com.gt,1
eluniversal.com.mx,1
embedrise.com,1
eternal-group.com,1
ez.net.sa,1
fatsecret.co.in,1
fbc.net.ua,1
fcp.codes,1
fht.org.uk,1
fireservice.gov.bd,1
flashscore.ninja,1
flightcentre.co.nz,1
fnocc.com,1
frse.org.pl,1
fytoo.com,1
gamersberg.com,1
gamestop.com,1
gatewaytohomechoice.org.uk,1
gcore.com,1
gegov.gov.gh,1
geico.com,1
geniussystems.com.np,1
genyoutube.online,1
gisborne.net.nz,1
globoinfo.net.br,1
gmfdealersource.com,1
gmpf.org.uk,1
gmu.ac.ir,1
go.com.mt,1
goldwiin.co.in,1
google.co.ao,1
google.co.cr,1
google.co.ke,1
google.co.ls,1
google.com.ag,1
google.com.bh,1
google.com.bo,1
google.com.do,1
google.com.ec,1
google.com.eg,1
google.com.gt,1
google.com.jm,1
google.com.lb,1
google.com.mm,1
google.com.mt,1
google.com.na,1
google.com.ni,1
google.com.np,1
google.com.om,1
google.com.pg,1
google.com.qa,1
google.com.sa,1
google.com.sb,1
google.com.sg,1
google.com.sv,1
google.com.uy,1
google.com.vc,1
google.co.nz,1
grabaseat.co.nz,1
groupon.com,1
gs2io.com,1
gse.com.ge,1
gsgtelecom.net.br,1
gtcs.org.uk,1
gtitelecom.net.br,1
guesskorea.com,1
gumtree.com,1
h5xyz.com,1
hdi.com.mx,1
hdsex.fun,1
healthcentre.org.uk,1
hihisex.vip,1
hillspetnutrition.com,1
hinditubeporn.com,1
hootsuite.com,1
hothindixxx.com,1
ht.inf.br,1
ibp.network,1
ico.org.uk,1
income.com.sg,1
indianatollroad.org,1
indianexpress.com,1
integrada.coop.br,1
invertisuniversity.ac.in,1
ip.co.at,1
ipsea.org.uk,1
iqdynamics.com.sg,1
irrigationnz.co.nz,1
ispr.gov.pk,1
italiannis.com.mx,1
ixbrowser.com,1
jeep.com.mx,1
jobtread.com,1
jockofuel.com,1
jointscopes.com,1
jostrust.org.uk,1
jz.ac.ir,1
kdgadvertising.com,1
keiseruniversity.edu.ni,1
kfc.kz,1
khalums.ac.ir,1
kilo6alga.com,1
kitchensoko.co.ke,1
konverter.ee,1
kudos.net.nz,1
lakewanaka.co.nz,1
latingalore.com,1
lazada.co.th,1
legacy.com.uy,1
lesbiancloud.com,1
leukaemiacare.org.uk,1
library-city.kurume.fukuoka.jp,1
ligtech.net.br,1
livechatenterprise.com,1
lmpluss.com,1
logopro.co.nz,1
loopi-velo.fr,1
lordserial.city,1
luckyorange.net,1
lumine.io,1
lyft.com,1
majesticfastferry.com.sg,1
mandoulides.edu.gr,1
mastermindgroup.co.in,1
mcw.gov.cy,1
mercury.co.nz,1
minrel.gov.cl,1
misiones.gov.ar,1
miu.ac.ir,1
mnums.edu.mn,1
mohtava.cloud,1
moneyhelper.org.uk,1
movacal.net,1
moviesb4time.biz,1
mozzartbet.co.ke,1
mpce.mp.br,1
mrs.org.uk,1
mtaes.net,1
mthutt.co.nz,1
myhousing.org.uk,1
nac-sa.org.za,1
netbird.io,1
netmaisfibra.net.br,1
newtoki294.com,1
newtoki297.com,1
newtoki298.com,1
nitro.chat,1
nltg.com,1
nol.net,1
novalja.sk,1
novanewsapp.com,1
nptel.ac.in,1
ntruyen.vn,1
numberoneshoes.co.nz,1
nv.com,1
nzherald.co.nz,1
ods.com.mx,1
ohmycams.com,1
okkdownload.com,1
openldap.org,1
opensvr.net,1
opi.org.pl,1
oscr.org.uk,1
otidapi.com,1
ovotech.org.uk,1
panoramaweb.com.mx,1
parsiski.com,1
pasosfronterizos.gov.cl,1
pd.co.th,1
petco.com,1
pfxcloud.com,1
picturebirdai.com,1
piratenow.xyz,1
planaltonet.net.br,1
planettel.net.br,1
pokemon.com,1
polizei.gv.at,1
pornike.com,1
porno666.link,1
pornocomics.mobi,1
pornohd.blue,1
portalempleo.gob.ar,1
posta.com.mk,1
premierbet.co.ao,1
prmsrvs.com,1
proen.co.th,1
prvstatic.com.mx,1
ptd.gov.bd,1
pudhari.co.in,1
punjabpolice.gov.pk,1
radioformula.com.mx,1
radiza.com.mx,1
report-it.org.uk,1
reservoir.tools,1
revenue.gov.bs,1
richardson.k12.tx.us,1
richmond.com.mx,1
rivelli.ind.br,1
roucdn12.xyz,1
roucdn13.xyz,1
saferworld.org.uk,1
sanji.to,1
sbthe.com,1
scg.co.th,1
sciencemuseum.org.uk,1
sco.gov.pk,1
scotiabank.com,1
seguridadvial.gob.ar,1
serveteck.com,1
set.gov.py,1
shopee.co.th,1
sii.org.pl,1
siir.gen.tr,1
skplus.co.th,1
skyline.co.nz,1
skymail.net.br,1
skyscanner.com.uy,1
skyshowtime.com,1
slutanal.com,1
smguard.net,1
smn.gob.ar,1
sodexo.com.mx,1
so.net,1
sony.com.mx,1
southwest.com,1
sportshub.com.sg,1
srms.ac.in,1
srx.com.sg,1
sslkn.name,1
standardmedia.co.ke,1
statefarm.com,1
stavrio.com,1
stevens.com.pa,1
stmk.gv.at,1
stuff.co.nz,1
sunsolutions.co.in,1
superad2.com.sg,1
sushida.net,1
swankysquare.com,1
taipeicitygovernment.net.ua,1
tam.net.tr,1
tanishq.co.in,1
taurus.info.pl,1
td.com,1
teamface.cn,1
technames.com,1
telesp.net.br,1
thebighelpout.org.uk,1
theendofcovid.com,1
thepornplus.com,1
therealreal.com,1
thescholarshiphub.org.uk,1
thesingaporetouristpass.com.sg,1
the-star.co.ke,1
tm.net.my,1
tnteu.ac.in,1
topblackporn.com,1
trainercentralsite.com,1
trainingteachers.org.za,1
transpower.co.nz,1
tresdefebrero.gov.ar,1
tribalwars.com.pt,1
truemail.co.th,1
ttg.club,1
turbify.com,1
uast.ac.ir,1
ubernet.co.nz,1
udoym.edu.do,1
ukfucking.com,1
uklo.edu.mk,1
ukmt.org.uk,1
ulta.com,1
ultra-sumsung-footsall.co.in,1
umb.edu.mx,1
unilad.com,1
urbi.co,1
utab.ac.rw,1
vcmdiawe.com,1
vdkd6nz8qr.com,1
verizonwireless.com,1
vibecommunications.co.nz,1
vibemate.com,1
vietimg.com,1
vipor.net,1
visa.gov.bd,1
vlxx.moe,1
vodafone.co.nz,1
vpn-fastest.com,1
watcherofrealms.com,1
we-api.com,1
worldnet-telecom.net.br,1
wwf.org.uk,1
www.gov.cy,1
xhadult4.com,1
xhtab2.com,1
xiclassadmission.gov.bd,1
xnxx4porn.com,1
xvideos.click,1
xvideos.tv.br,1
xxxx4k.com,1
ypfb.gob.bo,1
yumeoto.net,1
yxlmgs.com,1
zeroland.co.nz,1
1335999.com,1
86mai.com,1
andagjg.com,1
audiongontinh.com,1
bdqlz.com,1
cachefly.net,1
cceep.com,1
clab360.com,1
cqsybjt.com,1
ddpic.info,1
exujing.com,1
quickcoupling-china.com,1
sanxingbc.com,1
tjiebanjia.com,1
trakpivo.com,1
yishijk.com,1
news-dediju.com,1
rhg.com,1
005679.com,1
huanma01.vip,1
zhjxcn.com,1
